chromosome,experiment,n_variants,window_bp,method,rep,seconds,window_hits
22,scaling_N,10000,10000,tabix,0,0.029185,361
22,scaling_N,10000,10000,tabix,1,0.029137,361
22,scaling_N,10000,10000,tabix,2,0.027366,361
22,scaling_N,10000,10000,tabix,3,0.028516,361
22,scaling_N,10000,10000,tabix,4,0.027638,361
22,scaling_N,10000,10000,tabix,5,0.026661,361
22,scaling_N,10000,10000,tabix,6,0.028651,361
22,scaling_N,10000,10000,tabix,7,0.028885,361
22,scaling_N,10000,10000,tabix,8,0.028731,361
22,scaling_N,10000,10000,tabix,9,0.028428,361
22,scaling_N,10000,10000,tabix,10,0.027539,361
22,scaling_N,10000,10000,tabix,11,0.028183,361
22,scaling_N,10000,10000,tabix,12,0.028733,361
22,scaling_N,10000,10000,tabix,13,0.028720,361
22,scaling_N,10000,10000,tabix,14,0.029141,361
22,scaling_N,10000,10000,tabix,15,0.028971,361
22,scaling_N,10000,10000,tabix,16,0.028738,361
22,scaling_N,10000,10000,tabix,17,0.027689,361
22,scaling_N,10000,10000,tabix,18,0.027254,361
22,scaling_N,10000,10000,tabix,19,0.029908,361
22,scaling_N,10000,10000,tabix,20,0.028816,361
22,scaling_N,10000,10000,tabix,21,0.029051,361
22,scaling_N,10000,10000,tabix,22,0.028631,361
22,scaling_N,10000,10000,tabix,23,0.027031,361
22,scaling_N,10000,10000,tabix,24,0.027135,361
22,scaling_N,10000,10000,tabix,25,0.027539,361
22,scaling_N,10000,10000,tabix,26,0.027730,361
22,scaling_N,10000,10000,tabix,27,0.029229,361
22,scaling_N,10000,10000,tabix,28,0.028161,361
22,scaling_N,10000,10000,tabix,29,0.028227,361
22,scaling_N,10000,10000,tabix,30,0.030538,361
22,scaling_N,10000,10000,tabix,31,0.026930,361
22,scaling_N,10000,10000,tabix,32,0.029149,361
22,scaling_N,10000,10000,tabix,33,0.028220,361
22,scaling_N,10000,10000,tabix,34,0.029058,361
22,scaling_N,10000,10000,tabix,35,0.026719,361
22,scaling_N,10000,10000,tabix,36,0.029200,361
22,scaling_N,10000,10000,tabix,37,0.029083,361
22,scaling_N,10000,10000,tabix,38,0.027207,361
22,scaling_N,10000,10000,tabix,39,0.027694,361
22,scaling_N,10000,10000,tabix,40,0.028468,361
22,scaling_N,10000,10000,tabix,41,0.029728,361
22,scaling_N,10000,10000,tabix,42,0.028723,361
22,scaling_N,10000,10000,tabix,43,0.028914,361
22,scaling_N,10000,10000,tabix,44,0.026889,361
22,scaling_N,10000,10000,tabix,45,0.029638,361
22,scaling_N,10000,10000,tabix,46,0.028474,361
22,scaling_N,10000,10000,tabix,47,0.029531,361
22,scaling_N,10000,10000,tabix,48,0.027360,361
22,scaling_N,10000,10000,tabix,49,0.028146,361
22,scaling_N,10000,10000,tabix,50,0.026743,361
22,scaling_N,10000,10000,tabix,51,0.030577,361
22,scaling_N,10000,10000,tabix,52,0.027758,361
22,scaling_N,10000,10000,tabix,53,0.028354,361
22,scaling_N,10000,10000,tabix,54,0.027699,361
22,scaling_N,10000,10000,tabix,55,0.028821,361
22,scaling_N,10000,10000,tabix,56,0.027974,361
22,scaling_N,10000,10000,tabix,57,0.028112,361
22,scaling_N,10000,10000,tabix,58,0.030959,361
22,scaling_N,10000,10000,tabix,59,0.028737,361
22,scaling_N,10000,10000,tabix,60,0.028071,361
22,scaling_N,10000,10000,tabix,61,0.027439,361
22,scaling_N,10000,10000,tabix,62,0.028488,361
22,scaling_N,10000,10000,tabix,63,0.028237,361
22,scaling_N,10000,10000,tabix,64,0.027987,361
22,scaling_N,10000,10000,tabix,65,0.028302,361
22,scaling_N,10000,10000,tabix,66,0.027864,361
22,scaling_N,10000,10000,tabix,67,0.029096,361
22,scaling_N,10000,10000,tabix,68,0.027698,361
22,scaling_N,10000,10000,tabix,69,0.027314,361
22,scaling_N,10000,10000,tabix,70,0.027944,361
22,scaling_N,10000,10000,tabix,71,0.027926,361
22,scaling_N,10000,10000,tabix,72,0.028797,361
22,scaling_N,10000,10000,tabix,73,0.026956,361
22,scaling_N,10000,10000,tabix,74,0.029751,361
22,scaling_N,10000,10000,tabix,75,0.028490,361
22,scaling_N,10000,10000,tabix,76,0.026601,361
22,scaling_N,10000,10000,tabix,77,0.029881,361
22,scaling_N,10000,10000,tabix,78,0.027780,361
22,scaling_N,10000,10000,tabix,79,0.027932,361
22,scaling_N,10000,10000,tabix,80,0.026526,361
22,scaling_N,10000,10000,tabix,81,0.028175,361
22,scaling_N,10000,10000,tabix,82,0.029098,361
22,scaling_N,10000,10000,tabix,83,0.028115,361
22,scaling_N,10000,10000,tabix,84,0.027933,361
22,scaling_N,10000,10000,tabix,85,0.027330,361
22,scaling_N,10000,10000,tabix,86,0.028022,361
22,scaling_N,10000,10000,tabix,87,0.026810,361
22,scaling_N,10000,10000,tabix,88,0.027730,361
22,scaling_N,10000,10000,tabix,89,0.028538,361
22,scaling_N,10000,10000,tabix,90,0.030329,361
22,scaling_N,10000,10000,tabix,91,0.028999,361
22,scaling_N,10000,10000,tabix,92,0.028325,361
22,scaling_N,10000,10000,tabix,93,0.026976,361
22,scaling_N,10000,10000,tabix,94,0.028038,361
22,scaling_N,10000,10000,tabix,95,0.027332,361
22,scaling_N,10000,10000,tabix,96,0.028240,361
22,scaling_N,10000,10000,tabix,97,0.028740,361
22,scaling_N,10000,10000,tabix,98,0.027958,361
22,scaling_N,10000,10000,tabix,99,0.028687,361
22,scaling_N,10000,10000,scan,0,0.564490,361
22,scaling_N,10000,10000,scan,1,0.578857,361
22,scaling_N,10000,10000,scan,2,0.571862,361
22,scaling_N,10000,10000,scan,3,0.564388,361
22,scaling_N,10000,10000,scan,4,0.573763,361
22,scaling_N,10000,10000,scan,5,0.570184,361
22,scaling_N,10000,10000,scan,6,0.565995,361
22,scaling_N,10000,10000,scan,7,0.571775,361
22,scaling_N,10000,10000,scan,8,0.567389,361
22,scaling_N,10000,10000,scan,9,0.567904,361
22,scaling_N,100000,10000,tabix,0,0.031668,361
22,scaling_N,100000,10000,tabix,1,0.029922,361
22,scaling_N,100000,10000,tabix,2,0.028423,361
22,scaling_N,100000,10000,tabix,3,0.026950,361
22,scaling_N,100000,10000,tabix,4,0.028751,361
22,scaling_N,100000,10000,tabix,5,0.028843,361
22,scaling_N,100000,10000,tabix,6,0.029144,361
22,scaling_N,100000,10000,tabix,7,0.028306,361
22,scaling_N,100000,10000,tabix,8,0.026964,361
22,scaling_N,100000,10000,tabix,9,0.027161,361
22,scaling_N,100000,10000,tabix,10,0.027163,361
22,scaling_N,100000,10000,tabix,11,0.026468,361
22,scaling_N,100000,10000,tabix,12,0.027115,361
22,scaling_N,100000,10000,tabix,13,0.028598,361
22,scaling_N,100000,10000,tabix,14,0.028220,361
22,scaling_N,100000,10000,tabix,15,0.028137,361
22,scaling_N,100000,10000,tabix,16,0.026905,361
22,scaling_N,100000,10000,tabix,17,0.027845,361
22,scaling_N,100000,10000,tabix,18,0.028912,361
22,scaling_N,100000,10000,tabix,19,0.029514,361
22,scaling_N,100000,10000,tabix,20,0.027136,361
22,scaling_N,100000,10000,tabix,21,0.027365,361
22,scaling_N,100000,10000,tabix,22,0.028437,361
22,scaling_N,100000,10000,tabix,23,0.029240,361
22,scaling_N,100000,10000,tabix,24,0.027029,361
22,scaling_N,100000,10000,tabix,25,0.026821,361
22,scaling_N,100000,10000,tabix,26,0.027018,361
22,scaling_N,100000,10000,tabix,27,0.026993,361
22,scaling_N,100000,10000,tabix,28,0.027737,361
22,scaling_N,100000,10000,tabix,29,0.028276,361
22,scaling_N,100000,10000,tabix,30,0.028912,361
22,scaling_N,100000,10000,tabix,31,0.030162,361
22,scaling_N,100000,10000,tabix,32,0.028619,361
22,scaling_N,100000,10000,tabix,33,0.029461,361
22,scaling_N,100000,10000,tabix,34,0.029477,361
22,scaling_N,100000,10000,tabix,35,0.028017,361
22,scaling_N,100000,10000,tabix,36,0.030050,361
22,scaling_N,100000,10000,tabix,37,0.028346,361
22,scaling_N,100000,10000,tabix,38,0.026871,361
22,scaling_N,100000,10000,tabix,39,0.027021,361
22,scaling_N,100000,10000,tabix,40,0.026843,361
22,scaling_N,100000,10000,tabix,41,0.026913,361
22,scaling_N,100000,10000,tabix,42,0.027334,361
22,scaling_N,100000,10000,tabix,43,0.028394,361
22,scaling_N,100000,10000,tabix,44,0.027705,361
22,scaling_N,100000,10000,tabix,45,0.026521,361
22,scaling_N,100000,10000,tabix,46,0.028015,361
22,scaling_N,100000,10000,tabix,47,0.028605,361
22,scaling_N,100000,10000,tabix,48,0.027334,361
22,scaling_N,100000,10000,tabix,49,0.028617,361
22,scaling_N,100000,10000,tabix,50,0.028524,361
22,scaling_N,100000,10000,tabix,51,0.028075,361
22,scaling_N,100000,10000,tabix,52,0.028784,361
22,scaling_N,100000,10000,tabix,53,0.029556,361
22,scaling_N,100000,10000,tabix,54,0.026765,361
22,scaling_N,100000,10000,tabix,55,0.028595,361
22,scaling_N,100000,10000,tabix,56,0.029421,361
22,scaling_N,100000,10000,tabix,57,0.028576,361
22,scaling_N,100000,10000,tabix,58,0.027281,361
22,scaling_N,100000,10000,tabix,59,0.026874,361
22,scaling_N,100000,10000,tabix,60,0.026791,361
22,scaling_N,100000,10000,tabix,61,0.027456,361
22,scaling_N,100000,10000,tabix,62,0.028347,361
22,scaling_N,100000,10000,tabix,63,0.028248,361
22,scaling_N,100000,10000,tabix,64,0.028009,361
22,scaling_N,100000,10000,tabix,65,0.026671,361
22,scaling_N,100000,10000,tabix,66,0.028794,361
22,scaling_N,100000,10000,tabix,67,0.026736,361
22,scaling_N,100000,10000,tabix,68,0.028640,361
22,scaling_N,100000,10000,tabix,69,0.026669,361
22,scaling_N,100000,10000,tabix,70,0.029106,361
22,scaling_N,100000,10000,tabix,71,0.028898,361
22,scaling_N,100000,10000,tabix,72,0.027440,361
22,scaling_N,100000,10000,tabix,73,0.027745,361
22,scaling_N,100000,10000,tabix,74,0.028917,361
22,scaling_N,100000,10000,tabix,75,0.028826,361
22,scaling_N,100000,10000,tabix,76,0.027886,361
22,scaling_N,100000,10000,tabix,77,0.027838,361
22,scaling_N,100000,10000,tabix,78,0.028561,361
22,scaling_N,100000,10000,tabix,79,0.028801,361
22,scaling_N,100000,10000,tabix,80,0.028370,361
22,scaling_N,100000,10000,tabix,81,0.029476,361
22,scaling_N,100000,10000,tabix,82,0.028110,361
22,scaling_N,100000,10000,tabix,83,0.026997,361
22,scaling_N,100000,10000,tabix,84,0.026650,361
22,scaling_N,100000,10000,tabix,85,0.028340,361
22,scaling_N,100000,10000,tabix,86,0.027330,361
22,scaling_N,100000,10000,tabix,87,0.029287,361
22,scaling_N,100000,10000,tabix,88,0.029047,361
22,scaling_N,100000,10000,tabix,89,0.028547,361
22,scaling_N,100000,10000,tabix,90,0.027947,361
22,scaling_N,100000,10000,tabix,91,0.028042,361
22,scaling_N,100000,10000,tabix,92,0.030362,361
22,scaling_N,100000,10000,tabix,93,0.026729,361
22,scaling_N,100000,10000,tabix,94,0.026263,361
22,scaling_N,100000,10000,tabix,95,0.028152,361
22,scaling_N,100000,10000,tabix,96,0.028776,361
22,scaling_N,100000,10000,tabix,97,0.027087,361
22,scaling_N,100000,10000,tabix,98,0.028209,361
22,scaling_N,100000,10000,tabix,99,0.026704,361
22,scaling_N,100000,10000,scan,0,5.663281,361
22,scaling_N,100000,10000,scan,1,5.653797,361
22,scaling_N,100000,10000,scan,2,5.641931,361
22,scaling_N,100000,10000,scan,3,5.635996,361
22,scaling_N,100000,10000,scan,4,5.651587,361
22,scaling_N,100000,10000,scan,5,5.677398,361
22,scaling_N,100000,10000,scan,6,5.642431,361
22,scaling_N,100000,10000,scan,7,5.655234,361
22,scaling_N,100000,10000,scan,8,5.641382,361
22,scaling_N,100000,10000,scan,9,5.640216,361
22,scaling_N,1000000,10000,tabix,0,0.031041,361
22,scaling_N,1000000,10000,tabix,1,0.030277,361
22,scaling_N,1000000,10000,tabix,2,0.030454,361
22,scaling_N,1000000,10000,tabix,3,0.029002,361
22,scaling_N,1000000,10000,tabix,4,0.030777,361
22,scaling_N,1000000,10000,tabix,5,0.028624,361
22,scaling_N,1000000,10000,tabix,6,0.030762,361
22,scaling_N,1000000,10000,tabix,7,0.029207,361
22,scaling_N,1000000,10000,tabix,8,0.029133,361
22,scaling_N,1000000,10000,tabix,9,0.028536,361
22,scaling_N,1000000,10000,tabix,10,0.028248,361
22,scaling_N,1000000,10000,tabix,11,0.028161,361
22,scaling_N,1000000,10000,tabix,12,0.028354,361
22,scaling_N,1000000,10000,tabix,13,0.029339,361
22,scaling_N,1000000,10000,tabix,14,0.030768,361
22,scaling_N,1000000,10000,tabix,15,0.029568,361
22,scaling_N,1000000,10000,tabix,16,0.028367,361
22,scaling_N,1000000,10000,tabix,17,0.029431,361
22,scaling_N,1000000,10000,tabix,18,0.031385,361
22,scaling_N,1000000,10000,tabix,19,0.028410,361
22,scaling_N,1000000,10000,tabix,20,0.028450,361
22,scaling_N,1000000,10000,tabix,21,0.028942,361
22,scaling_N,1000000,10000,tabix,22,0.028485,361
22,scaling_N,1000000,10000,tabix,23,0.029939,361
22,scaling_N,1000000,10000,tabix,24,0.029488,361
22,scaling_N,1000000,10000,tabix,25,0.029869,361
22,scaling_N,1000000,10000,tabix,26,0.030982,361
22,scaling_N,1000000,10000,tabix,27,0.031397,361
22,scaling_N,1000000,10000,tabix,28,0.027805,361
22,scaling_N,1000000,10000,tabix,29,0.028060,361
22,scaling_N,1000000,10000,tabix,30,0.028337,361
22,scaling_N,1000000,10000,tabix,31,0.027783,361
22,scaling_N,1000000,10000,tabix,32,0.029531,361
22,scaling_N,1000000,10000,tabix,33,0.028411,361
22,scaling_N,1000000,10000,tabix,34,0.028325,361
22,scaling_N,1000000,10000,tabix,35,0.028451,361
22,scaling_N,1000000,10000,tabix,36,0.028411,361
22,scaling_N,1000000,10000,tabix,37,0.030105,361
22,scaling_N,1000000,10000,tabix,38,0.029498,361
22,scaling_N,1000000,10000,tabix,39,0.029076,361
22,scaling_N,1000000,10000,tabix,40,0.029639,361
22,scaling_N,1000000,10000,tabix,41,0.028846,361
22,scaling_N,1000000,10000,tabix,42,0.028571,361
22,scaling_N,1000000,10000,tabix,43,0.027823,361
22,scaling_N,1000000,10000,tabix,44,0.029648,361
22,scaling_N,1000000,10000,tabix,45,0.028325,361
22,scaling_N,1000000,10000,tabix,46,0.029323,361
22,scaling_N,1000000,10000,tabix,47,0.029812,361
22,scaling_N,1000000,10000,tabix,48,0.028751,361
22,scaling_N,1000000,10000,tabix,49,0.030391,361
22,scaling_N,1000000,10000,tabix,50,0.030348,361
22,scaling_N,1000000,10000,tabix,51,0.028684,361
22,scaling_N,1000000,10000,tabix,52,0.029543,361
22,scaling_N,1000000,10000,tabix,53,0.029541,361
22,scaling_N,1000000,10000,tabix,54,0.032838,361
22,scaling_N,1000000,10000,tabix,55,0.030561,361
22,scaling_N,1000000,10000,tabix,56,0.028676,361
22,scaling_N,1000000,10000,tabix,57,0.028437,361
22,scaling_N,1000000,10000,tabix,58,0.029844,361
22,scaling_N,1000000,10000,tabix,59,0.029574,361
22,scaling_N,1000000,10000,tabix,60,0.028195,361
22,scaling_N,1000000,10000,tabix,61,0.028044,361
22,scaling_N,1000000,10000,tabix,62,0.028974,361
22,scaling_N,1000000,10000,tabix,63,0.027957,361
22,scaling_N,1000000,10000,tabix,64,0.029103,361
22,scaling_N,1000000,10000,tabix,65,0.027680,361
22,scaling_N,1000000,10000,tabix,66,0.028878,361
22,scaling_N,1000000,10000,tabix,67,0.029697,361
22,scaling_N,1000000,10000,tabix,68,0.029806,361
22,scaling_N,1000000,10000,tabix,69,0.028739,361
22,scaling_N,1000000,10000,tabix,70,0.029483,361
22,scaling_N,1000000,10000,tabix,71,0.028621,361
22,scaling_N,1000000,10000,tabix,72,0.029948,361
22,scaling_N,1000000,10000,tabix,73,0.028426,361
22,scaling_N,1000000,10000,tabix,74,0.029771,361
22,scaling_N,1000000,10000,tabix,75,0.029064,361
22,scaling_N,1000000,10000,tabix,76,0.028064,361
22,scaling_N,1000000,10000,tabix,77,0.029067,361
22,scaling_N,1000000,10000,tabix,78,0.030585,361
22,scaling_N,1000000,10000,tabix,79,0.029962,361
22,scaling_N,1000000,10000,tabix,80,0.029149,361
22,scaling_N,1000000,10000,tabix,81,0.029318,361
22,scaling_N,1000000,10000,tabix,82,0.029599,361
22,scaling_N,1000000,10000,tabix,83,0.028148,361
22,scaling_N,1000000,10000,tabix,84,0.029857,361
22,scaling_N,1000000,10000,tabix,85,0.029350,361
22,scaling_N,1000000,10000,tabix,86,0.028814,361
22,scaling_N,1000000,10000,tabix,87,0.030985,361
22,scaling_N,1000000,10000,tabix,88,0.027857,361
22,scaling_N,1000000,10000,tabix,89,0.029343,361
22,scaling_N,1000000,10000,tabix,90,0.029060,361
22,scaling_N,1000000,10000,tabix,91,0.028505,361
22,scaling_N,1000000,10000,tabix,92,0.036351,361
22,scaling_N,1000000,10000,tabix,93,0.028774,361
22,scaling_N,1000000,10000,tabix,94,0.028790,361
22,scaling_N,1000000,10000,tabix,95,0.028280,361
22,scaling_N,1000000,10000,tabix,96,0.028546,361
22,scaling_N,1000000,10000,tabix,97,0.030120,361
22,scaling_N,1000000,10000,tabix,98,0.028416,361
22,scaling_N,1000000,10000,tabix,99,0.034706,361
22,scaling_N,1000000,10000,scan,0,56.661995,361
22,scaling_N,1000000,10000,scan,1,57.016289,361
22,scaling_N,1000000,10000,scan,2,57.216073,361
22,scaling_N,1000000,10000,scan,3,56.870589,361
22,scaling_N,1000000,10000,scan,4,58.710334,361
22,scaling_N,1000000,10000,scan,5,57.930746,361
22,scaling_N,1000000,10000,scan,6,56.856984,361
22,scaling_N,1000000,10000,scan,7,56.836045,361
22,scaling_N,1000000,10000,scan,8,56.679718,361
22,scaling_N,1000000,10000,scan,9,56.733484,361
22,scaling_N,1103547,10000,tabix,0,0.031401,361
22,scaling_N,1103547,10000,tabix,1,0.029555,361
22,scaling_N,1103547,10000,tabix,2,0.028389,361
22,scaling_N,1103547,10000,tabix,3,0.029772,361
22,scaling_N,1103547,10000,tabix,4,0.029532,361
22,scaling_N,1103547,10000,tabix,5,0.029641,361
22,scaling_N,1103547,10000,tabix,6,0.031512,361
22,scaling_N,1103547,10000,tabix,7,0.028749,361
22,scaling_N,1103547,10000,tabix,8,0.028284,361
22,scaling_N,1103547,10000,tabix,9,0.029184,361
22,scaling_N,1103547,10000,tabix,10,0.028936,361
22,scaling_N,1103547,10000,tabix,11,0.029477,361
22,scaling_N,1103547,10000,tabix,12,0.029140,361
22,scaling_N,1103547,10000,tabix,13,0.028078,361
22,scaling_N,1103547,10000,tabix,14,0.028973,361
22,scaling_N,1103547,10000,tabix,15,0.029971,361
22,scaling_N,1103547,10000,tabix,16,0.029204,361
22,scaling_N,1103547,10000,tabix,17,0.029588,361
22,scaling_N,1103547,10000,tabix,18,0.032629,361
22,scaling_N,1103547,10000,tabix,19,0.030793,361
22,scaling_N,1103547,10000,tabix,20,0.029377,361
22,scaling_N,1103547,10000,tabix,21,0.030062,361
22,scaling_N,1103547,10000,tabix,22,0.029040,361
22,scaling_N,1103547,10000,tabix,23,0.031503,361
22,scaling_N,1103547,10000,tabix,24,0.037081,361
22,scaling_N,1103547,10000,tabix,25,0.032399,361
22,scaling_N,1103547,10000,tabix,26,0.029289,361
22,scaling_N,1103547,10000,tabix,27,0.030167,361
22,scaling_N,1103547,10000,tabix,28,0.029947,361
22,scaling_N,1103547,10000,tabix,29,0.032939,361
22,scaling_N,1103547,10000,tabix,30,0.031243,361
22,scaling_N,1103547,10000,tabix,31,0.029433,361
22,scaling_N,1103547,10000,tabix,32,0.030318,361
22,scaling_N,1103547,10000,tabix,33,0.029199,361
22,scaling_N,1103547,10000,tabix,34,0.031256,361
22,scaling_N,1103547,10000,tabix,35,0.028989,361
22,scaling_N,1103547,10000,tabix,36,0.028904,361
22,scaling_N,1103547,10000,tabix,37,0.028764,361
22,scaling_N,1103547,10000,tabix,38,0.028224,361
22,scaling_N,1103547,10000,tabix,39,0.028209,361
22,scaling_N,1103547,10000,tabix,40,0.028646,361
22,scaling_N,1103547,10000,tabix,41,0.028301,361
22,scaling_N,1103547,10000,tabix,42,0.031173,361
22,scaling_N,1103547,10000,tabix,43,0.030053,361
22,scaling_N,1103547,10000,tabix,44,0.028363,361
22,scaling_N,1103547,10000,tabix,45,0.028189,361
22,scaling_N,1103547,10000,tabix,46,0.030431,361
22,scaling_N,1103547,10000,tabix,47,0.028015,361
22,scaling_N,1103547,10000,tabix,48,0.028191,361
22,scaling_N,1103547,10000,tabix,49,0.029245,361
22,scaling_N,1103547,10000,tabix,50,0.028724,361
22,scaling_N,1103547,10000,tabix,51,0.027901,361
22,scaling_N,1103547,10000,tabix,52,0.029764,361
22,scaling_N,1103547,10000,tabix,53,0.029438,361
22,scaling_N,1103547,10000,tabix,54,0.028681,361
22,scaling_N,1103547,10000,tabix,55,0.029700,361
22,scaling_N,1103547,10000,tabix,56,0.029626,361
22,scaling_N,1103547,10000,tabix,57,0.029094,361
22,scaling_N,1103547,10000,tabix,58,0.028268,361
22,scaling_N,1103547,10000,tabix,59,0.029137,361
22,scaling_N,1103547,10000,tabix,60,0.029968,361
22,scaling_N,1103547,10000,tabix,61,0.029748,361
22,scaling_N,1103547,10000,tabix,62,0.029573,361
22,scaling_N,1103547,10000,tabix,63,0.030398,361
22,scaling_N,1103547,10000,tabix,64,0.029173,361
22,scaling_N,1103547,10000,tabix,65,0.030280,361
22,scaling_N,1103547,10000,tabix,66,0.029282,361
22,scaling_N,1103547,10000,tabix,67,0.028800,361
22,scaling_N,1103547,10000,tabix,68,0.028749,361
22,scaling_N,1103547,10000,tabix,69,0.029381,361
22,scaling_N,1103547,10000,tabix,70,0.030910,361
22,scaling_N,1103547,10000,tabix,71,0.029099,361
22,scaling_N,1103547,10000,tabix,72,0.030144,361
22,scaling_N,1103547,10000,tabix,73,0.028338,361
22,scaling_N,1103547,10000,tabix,74,0.030983,361
22,scaling_N,1103547,10000,tabix,75,0.028770,361
22,scaling_N,1103547,10000,tabix,76,0.028011,361
22,scaling_N,1103547,10000,tabix,77,0.028502,361
22,scaling_N,1103547,10000,tabix,78,0.029587,361
22,scaling_N,1103547,10000,tabix,79,0.029301,361
22,scaling_N,1103547,10000,tabix,80,0.029160,361
22,scaling_N,1103547,10000,tabix,81,0.029576,361
22,scaling_N,1103547,10000,tabix,82,0.032197,361
22,scaling_N,1103547,10000,tabix,83,0.028717,361
22,scaling_N,1103547,10000,tabix,84,0.029636,361
22,scaling_N,1103547,10000,tabix,85,0.028586,361
22,scaling_N,1103547,10000,tabix,86,0.030305,361
22,scaling_N,1103547,10000,tabix,87,0.031669,361
22,scaling_N,1103547,10000,tabix,88,0.028368,361
22,scaling_N,1103547,10000,tabix,89,0.030179,361
22,scaling_N,1103547,10000,tabix,90,0.028413,361
22,scaling_N,1103547,10000,tabix,91,0.028281,361
22,scaling_N,1103547,10000,tabix,92,0.029493,361
22,scaling_N,1103547,10000,tabix,93,0.028179,361
22,scaling_N,1103547,10000,tabix,94,0.031091,361
22,scaling_N,1103547,10000,tabix,95,0.030446,361
22,scaling_N,1103547,10000,tabix,96,0.029434,361
22,scaling_N,1103547,10000,tabix,97,0.028822,361
22,scaling_N,1103547,10000,tabix,98,0.028170,361
22,scaling_N,1103547,10000,tabix,99,0.031254,361
22,scaling_N,1103547,10000,scan,0,62.271484,361
22,scaling_N,1103547,10000,scan,1,62.459936,361
22,scaling_N,1103547,10000,scan,2,62.599887,361
22,scaling_N,1103547,10000,scan,3,62.763916,361
22,scaling_N,1103547,10000,scan,4,63.004289,361
22,scaling_N,1103547,10000,scan,5,62.635709,361
22,scaling_N,1103547,10000,scan,6,62.691770,361
22,scaling_N,1103547,10000,scan,7,62.428188,361
22,scaling_N,1103547,10000,scan,8,62.340224,361
22,scaling_N,1103547,10000,scan,9,62.175132,361
22,scaling_window,1103547,1000,tabix,0,0.005539,29
22,scaling_window,1103547,1000,tabix,1,0.004382,29
22,scaling_window,1103547,1000,tabix,2,0.005420,29
22,scaling_window,1103547,1000,tabix,3,0.005186,29
22,scaling_window,1103547,1000,tabix,4,0.005414,29
22,scaling_window,1103547,1000,tabix,5,0.005075,29
22,scaling_window,1103547,1000,tabix,6,0.004783,29
22,scaling_window,1103547,1000,tabix,7,0.004994,29
22,scaling_window,1103547,1000,tabix,8,0.005736,29
22,scaling_window,1103547,1000,tabix,9,0.004480,29
22,scaling_window,1103547,1000,tabix,10,0.005222,29
22,scaling_window,1103547,1000,tabix,11,0.005958,29
22,scaling_window,1103547,1000,tabix,12,0.007888,29
22,scaling_window,1103547,1000,tabix,13,0.006491,29
22,scaling_window,1103547,1000,tabix,14,0.007669,29
22,scaling_window,1103547,1000,tabix,15,0.008013,29
22,scaling_window,1103547,1000,tabix,16,0.007716,29
22,scaling_window,1103547,1000,tabix,17,0.005685,29
22,scaling_window,1103547,1000,tabix,18,0.008523,29
22,scaling_window,1103547,1000,tabix,19,0.007596,29
22,scaling_window,1103547,1000,tabix,20,0.006627,29
22,scaling_window,1103547,1000,tabix,21,0.005821,29
22,scaling_window,1103547,1000,tabix,22,0.005122,29
22,scaling_window,1103547,1000,tabix,23,0.006040,29
22,scaling_window,1103547,1000,tabix,24,0.005897,29
22,scaling_window,1103547,1000,tabix,25,0.005238,29
22,scaling_window,1103547,1000,tabix,26,0.006029,29
22,scaling_window,1103547,1000,tabix,27,0.006458,29
22,scaling_window,1103547,1000,tabix,28,0.006245,29
22,scaling_window,1103547,1000,tabix,29,0.007356,29
22,scaling_window,1103547,1000,tabix,30,0.006102,29
22,scaling_window,1103547,1000,tabix,31,0.007712,29
22,scaling_window,1103547,1000,tabix,32,0.006381,29
22,scaling_window,1103547,1000,tabix,33,0.006503,29
22,scaling_window,1103547,1000,tabix,34,0.006918,29
22,scaling_window,1103547,1000,tabix,35,0.005755,29
22,scaling_window,1103547,1000,tabix,36,0.008021,29
22,scaling_window,1103547,1000,tabix,37,0.006278,29
22,scaling_window,1103547,1000,tabix,38,0.005904,29
22,scaling_window,1103547,1000,tabix,39,0.006585,29
22,scaling_window,1103547,1000,tabix,40,0.006271,29
22,scaling_window,1103547,1000,tabix,41,0.006846,29
22,scaling_window,1103547,1000,tabix,42,0.004983,29
22,scaling_window,1103547,1000,tabix,43,0.005122,29
22,scaling_window,1103547,1000,tabix,44,0.006222,29
22,scaling_window,1103547,1000,tabix,45,0.006621,29
22,scaling_window,1103547,1000,tabix,46,0.005658,29
22,scaling_window,1103547,1000,tabix,47,0.005643,29
22,scaling_window,1103547,1000,tabix,48,0.005881,29
22,scaling_window,1103547,1000,tabix,49,0.005856,29
22,scaling_window,1103547,1000,tabix,50,0.007830,29
22,scaling_window,1103547,1000,tabix,51,0.006093,29
22,scaling_window,1103547,1000,tabix,52,0.008066,29
22,scaling_window,1103547,1000,tabix,53,0.006332,29
22,scaling_window,1103547,1000,tabix,54,0.006167,29
22,scaling_window,1103547,1000,tabix,55,0.007238,29
22,scaling_window,1103547,1000,tabix,56,0.006036,29
22,scaling_window,1103547,1000,tabix,57,0.006699,29
22,scaling_window,1103547,1000,tabix,58,0.005919,29
22,scaling_window,1103547,1000,tabix,59,0.006373,29
22,scaling_window,1103547,1000,tabix,60,0.006846,29
22,scaling_window,1103547,1000,tabix,61,0.005287,29
22,scaling_window,1103547,1000,tabix,62,0.005600,29
22,scaling_window,1103547,1000,tabix,63,0.007294,29
22,scaling_window,1103547,1000,tabix,64,0.005314,29
22,scaling_window,1103547,1000,tabix,65,0.006164,29
22,scaling_window,1103547,1000,tabix,66,0.005403,29
22,scaling_window,1103547,1000,tabix,67,0.005312,29
22,scaling_window,1103547,1000,tabix,68,0.005565,29
22,scaling_window,1103547,1000,tabix,69,0.006283,29
22,scaling_window,1103547,1000,tabix,70,0.005659,29
22,scaling_window,1103547,1000,tabix,71,0.005974,29
22,scaling_window,1103547,1000,tabix,72,0.004781,29
22,scaling_window,1103547,1000,tabix,73,0.006207,29
22,scaling_window,1103547,1000,tabix,74,0.005845,29
22,scaling_window,1103547,1000,tabix,75,0.005172,29
22,scaling_window,1103547,1000,tabix,76,0.005139,29
22,scaling_window,1103547,1000,tabix,77,0.005450,29
22,scaling_window,1103547,1000,tabix,78,0.006315,29
22,scaling_window,1103547,1000,tabix,79,0.005623,29
22,scaling_window,1103547,1000,tabix,80,0.005854,29
22,scaling_window,1103547,1000,tabix,81,0.005544,29
22,scaling_window,1103547,1000,tabix,82,0.006550,29
22,scaling_window,1103547,1000,tabix,83,0.006997,29
22,scaling_window,1103547,1000,tabix,84,0.006353,29
22,scaling_window,1103547,1000,tabix,85,0.006784,29
22,scaling_window,1103547,1000,tabix,86,0.006683,29
22,scaling_window,1103547,1000,tabix,87,0.006695,29
22,scaling_window,1103547,1000,tabix,88,0.006423,29
22,scaling_window,1103547,1000,tabix,89,0.006057,29
22,scaling_window,1103547,1000,tabix,90,0.006167,29
22,scaling_window,1103547,1000,tabix,91,0.006282,29
22,scaling_window,1103547,1000,tabix,92,0.006560,29
22,scaling_window,1103547,1000,tabix,93,0.006591,29
22,scaling_window,1103547,1000,tabix,94,0.005754,29
22,scaling_window,1103547,1000,tabix,95,0.005869,29
22,scaling_window,1103547,1000,tabix,96,0.006579,29
22,scaling_window,1103547,1000,tabix,97,0.005537,29
22,scaling_window,1103547,1000,tabix,98,0.005485,29
22,scaling_window,1103547,1000,tabix,99,0.006450,29
22,scaling_window,1103547,10000,tabix,0,0.029568,361
22,scaling_window,1103547,10000,tabix,1,0.030397,361
22,scaling_window,1103547,10000,tabix,2,0.030901,361
22,scaling_window,1103547,10000,tabix,3,0.030968,361
22,scaling_window,1103547,10000,tabix,4,0.028865,361
22,scaling_window,1103547,10000,tabix,5,0.029380,361
22,scaling_window,1103547,10000,tabix,6,0.029029,361
22,scaling_window,1103547,10000,tabix,7,0.031447,361
22,scaling_window,1103547,10000,tabix,8,0.028099,361
22,scaling_window,1103547,10000,tabix,9,0.029438,361
22,scaling_window,1103547,10000,tabix,10,0.030331,361
22,scaling_window,1103547,10000,tabix,11,0.029468,361
22,scaling_window,1103547,10000,tabix,12,0.030385,361
22,scaling_window,1103547,10000,tabix,13,0.028234,361
22,scaling_window,1103547,10000,tabix,14,0.029636,361
22,scaling_window,1103547,10000,tabix,15,0.030258,361
22,scaling_window,1103547,10000,tabix,16,0.031750,361
22,scaling_window,1103547,10000,tabix,17,0.028748,361
22,scaling_window,1103547,10000,tabix,18,0.029295,361
22,scaling_window,1103547,10000,tabix,19,0.028054,361
22,scaling_window,1103547,10000,tabix,20,0.027929,361
22,scaling_window,1103547,10000,tabix,21,0.028352,361
22,scaling_window,1103547,10000,tabix,22,0.028749,361
22,scaling_window,1103547,10000,tabix,23,0.031659,361
22,scaling_window,1103547,10000,tabix,24,0.032254,361
22,scaling_window,1103547,10000,tabix,25,0.030373,361
22,scaling_window,1103547,10000,tabix,26,0.031665,361
22,scaling_window,1103547,10000,tabix,27,0.029577,361
22,scaling_window,1103547,10000,tabix,28,0.029724,361
22,scaling_window,1103547,10000,tabix,29,0.028429,361
22,scaling_window,1103547,10000,tabix,30,0.028906,361
22,scaling_window,1103547,10000,tabix,31,0.030789,361
22,scaling_window,1103547,10000,tabix,32,0.030254,361
22,scaling_window,1103547,10000,tabix,33,0.028745,361
22,scaling_window,1103547,10000,tabix,34,0.029049,361
22,scaling_window,1103547,10000,tabix,35,0.028460,361
22,scaling_window,1103547,10000,tabix,36,0.028453,361
22,scaling_window,1103547,10000,tabix,37,0.028030,361
22,scaling_window,1103547,10000,tabix,38,0.030358,361
22,scaling_window,1103547,10000,tabix,39,0.029711,361
22,scaling_window,1103547,10000,tabix,40,0.028999,361
22,scaling_window,1103547,10000,tabix,41,0.028080,361
22,scaling_window,1103547,10000,tabix,42,0.028278,361
22,scaling_window,1103547,10000,tabix,43,0.029800,361
22,scaling_window,1103547,10000,tabix,44,0.030700,361
22,scaling_window,1103547,10000,tabix,45,0.029107,361
22,scaling_window,1103547,10000,tabix,46,0.029933,361
22,scaling_window,1103547,10000,tabix,47,0.030055,361
22,scaling_window,1103547,10000,tabix,48,0.029811,361
22,scaling_window,1103547,10000,tabix,49,0.027923,361
22,scaling_window,1103547,10000,tabix,50,0.028170,361
22,scaling_window,1103547,10000,tabix,51,0.030067,361
22,scaling_window,1103547,10000,tabix,52,0.027806,361
22,scaling_window,1103547,10000,tabix,53,0.028202,361
22,scaling_window,1103547,10000,tabix,54,0.028896,361
22,scaling_window,1103547,10000,tabix,55,0.029876,361
22,scaling_window,1103547,10000,tabix,56,0.029258,361
22,scaling_window,1103547,10000,tabix,57,0.028572,361
22,scaling_window,1103547,10000,tabix,58,0.029692,361
22,scaling_window,1103547,10000,tabix,59,0.029527,361
22,scaling_window,1103547,10000,tabix,60,0.028232,361
22,scaling_window,1103547,10000,tabix,61,0.028975,361
22,scaling_window,1103547,10000,tabix,62,0.030759,361
22,scaling_window,1103547,10000,tabix,63,0.029716,361
22,scaling_window,1103547,10000,tabix,64,0.028690,361
22,scaling_window,1103547,10000,tabix,65,0.030001,361
22,scaling_window,1103547,10000,tabix,66,0.029421,361
22,scaling_window,1103547,10000,tabix,67,0.031220,361
22,scaling_window,1103547,10000,tabix,68,0.029940,361
22,scaling_window,1103547,10000,tabix,69,0.031937,361
22,scaling_window,1103547,10000,tabix,70,0.028772,361
22,scaling_window,1103547,10000,tabix,71,0.029260,361
22,scaling_window,1103547,10000,tabix,72,0.031324,361
22,scaling_window,1103547,10000,tabix,73,0.029804,361
22,scaling_window,1103547,10000,tabix,74,0.028834,361
22,scaling_window,1103547,10000,tabix,75,0.028213,361
22,scaling_window,1103547,10000,tabix,76,0.028525,361
22,scaling_window,1103547,10000,tabix,77,0.029317,361
22,scaling_window,1103547,10000,tabix,78,0.029319,361
22,scaling_window,1103547,10000,tabix,79,0.030678,361
22,scaling_window,1103547,10000,tabix,80,0.029304,361
22,scaling_window,1103547,10000,tabix,81,0.030715,361
22,scaling_window,1103547,10000,tabix,82,0.031105,361
22,scaling_window,1103547,10000,tabix,83,0.028294,361
22,scaling_window,1103547,10000,tabix,84,0.029055,361
22,scaling_window,1103547,10000,tabix,85,0.029194,361
22,scaling_window,1103547,10000,tabix,86,0.028331,361
22,scaling_window,1103547,10000,tabix,87,0.028518,361
22,scaling_window,1103547,10000,tabix,88,0.028621,361
22,scaling_window,1103547,10000,tabix,89,0.030756,361
22,scaling_window,1103547,10000,tabix,90,0.030425,361
22,scaling_window,1103547,10000,tabix,91,0.029559,361
22,scaling_window,1103547,10000,tabix,92,0.028488,361
22,scaling_window,1103547,10000,tabix,93,0.028875,361
22,scaling_window,1103547,10000,tabix,94,0.031147,361
22,scaling_window,1103547,10000,tabix,95,0.029722,361
22,scaling_window,1103547,10000,tabix,96,0.029692,361
22,scaling_window,1103547,10000,tabix,97,0.028892,361
22,scaling_window,1103547,10000,tabix,98,0.031902,361
22,scaling_window,1103547,10000,tabix,99,0.028568,361
22,scaling_window,1103547,100000,tabix,0,0.086736,1177
22,scaling_window,1103547,100000,tabix,1,0.088181,1177
22,scaling_window,1103547,100000,tabix,2,0.086721,1177
22,scaling_window,1103547,100000,tabix,3,0.086212,1177
22,scaling_window,1103547,100000,tabix,4,0.087080,1177
22,scaling_window,1103547,100000,tabix,5,0.087417,1177
22,scaling_window,1103547,100000,tabix,6,0.084217,1177
22,scaling_window,1103547,100000,tabix,7,0.086462,1177
22,scaling_window,1103547,100000,tabix,8,0.088825,1177
22,scaling_window,1103547,100000,tabix,9,0.086424,1177
22,scaling_window,1103547,100000,tabix,10,0.087525,1177
22,scaling_window,1103547,100000,tabix,11,0.086837,1177
22,scaling_window,1103547,100000,tabix,12,0.089027,1177
22,scaling_window,1103547,100000,tabix,13,0.085402,1177
22,scaling_window,1103547,100000,tabix,14,0.087147,1177
22,scaling_window,1103547,100000,tabix,15,0.086923,1177
22,scaling_window,1103547,100000,tabix,16,0.089021,1177
22,scaling_window,1103547,100000,tabix,17,0.086008,1177
22,scaling_window,1103547,100000,tabix,18,0.088877,1177
22,scaling_window,1103547,100000,tabix,19,0.088361,1177
22,scaling_window,1103547,100000,tabix,20,0.090879,1177
22,scaling_window,1103547,100000,tabix,21,0.089853,1177
22,scaling_window,1103547,100000,tabix,22,0.086936,1177
22,scaling_window,1103547,100000,tabix,23,0.086704,1177
22,scaling_window,1103547,100000,tabix,24,0.086477,1177
22,scaling_window,1103547,100000,tabix,25,0.087959,1177
22,scaling_window,1103547,100000,tabix,26,0.088847,1177
22,scaling_window,1103547,100000,tabix,27,0.083356,1177
22,scaling_window,1103547,100000,tabix,28,0.086567,1177
22,scaling_window,1103547,100000,tabix,29,0.086353,1177
22,scaling_window,1103547,100000,tabix,30,0.085720,1177
22,scaling_window,1103547,100000,tabix,31,0.086383,1177
22,scaling_window,1103547,100000,tabix,32,0.086626,1177
22,scaling_window,1103547,100000,tabix,33,0.088930,1177
22,scaling_window,1103547,100000,tabix,34,0.085320,1177
22,scaling_window,1103547,100000,tabix,35,0.087627,1177
22,scaling_window,1103547,100000,tabix,36,0.087992,1177
22,scaling_window,1103547,100000,tabix,37,0.086129,1177
22,scaling_window,1103547,100000,tabix,38,0.086156,1177
22,scaling_window,1103547,100000,tabix,39,0.086741,1177
22,scaling_window,1103547,100000,tabix,40,0.087427,1177
22,scaling_window,1103547,100000,tabix,41,0.086883,1177
22,scaling_window,1103547,100000,tabix,42,0.086766,1177
22,scaling_window,1103547,100000,tabix,43,0.086009,1177
22,scaling_window,1103547,100000,tabix,44,0.087170,1177
22,scaling_window,1103547,100000,tabix,45,0.088440,1177
22,scaling_window,1103547,100000,tabix,46,0.086650,1177
22,scaling_window,1103547,100000,tabix,47,0.085638,1177
22,scaling_window,1103547,100000,tabix,48,0.087895,1177
22,scaling_window,1103547,100000,tabix,49,0.087723,1177
22,scaling_window,1103547,100000,tabix,50,0.087409,1177
22,scaling_window,1103547,100000,tabix,51,0.087863,1177
22,scaling_window,1103547,100000,tabix,52,0.086475,1177
22,scaling_window,1103547,100000,tabix,53,0.087648,1177
22,scaling_window,1103547,100000,tabix,54,0.086809,1177
22,scaling_window,1103547,100000,tabix,55,0.087215,1177
22,scaling_window,1103547,100000,tabix,56,0.086673,1177
22,scaling_window,1103547,100000,tabix,57,0.087792,1177
22,scaling_window,1103547,100000,tabix,58,0.088230,1177
22,scaling_window,1103547,100000,tabix,59,0.087439,1177
22,scaling_window,1103547,100000,tabix,60,0.087575,1177
22,scaling_window,1103547,100000,tabix,61,0.085669,1177
22,scaling_window,1103547,100000,tabix,62,0.087611,1177
22,scaling_window,1103547,100000,tabix,63,0.087176,1177
22,scaling_window,1103547,100000,tabix,64,0.086586,1177
22,scaling_window,1103547,100000,tabix,65,0.085809,1177
22,scaling_window,1103547,100000,tabix,66,0.085247,1177
22,scaling_window,1103547,100000,tabix,67,0.087366,1177
22,scaling_window,1103547,100000,tabix,68,0.085417,1177
22,scaling_window,1103547,100000,tabix,69,0.086585,1177
22,scaling_window,1103547,100000,tabix,70,0.089135,1177
22,scaling_window,1103547,100000,tabix,71,0.087791,1177
22,scaling_window,1103547,100000,tabix,72,0.088697,1177
22,scaling_window,1103547,100000,tabix,73,0.089101,1177
22,scaling_window,1103547,100000,tabix,74,0.087811,1177
22,scaling_window,1103547,100000,tabix,75,0.084621,1177
22,scaling_window,1103547,100000,tabix,76,0.087769,1177
22,scaling_window,1103547,100000,tabix,77,0.089518,1177
22,scaling_window,1103547,100000,tabix,78,0.087536,1177
22,scaling_window,1103547,100000,tabix,79,0.095473,1177
22,scaling_window,1103547,100000,tabix,80,0.087345,1177
22,scaling_window,1103547,100000,tabix,81,0.087690,1177
22,scaling_window,1103547,100000,tabix,82,0.087005,1177
22,scaling_window,1103547,100000,tabix,83,0.087485,1177
22,scaling_window,1103547,100000,tabix,84,0.086821,1177
22,scaling_window,1103547,100000,tabix,85,0.086417,1177
22,scaling_window,1103547,100000,tabix,86,0.086527,1177
22,scaling_window,1103547,100000,tabix,87,0.086571,1177
22,scaling_window,1103547,100000,tabix,88,0.087355,1177
22,scaling_window,1103547,100000,tabix,89,0.084625,1177
22,scaling_window,1103547,100000,tabix,90,0.085878,1177
22,scaling_window,1103547,100000,tabix,91,0.085729,1177
22,scaling_window,1103547,100000,tabix,92,0.086246,1177
22,scaling_window,1103547,100000,tabix,93,0.085648,1177
22,scaling_window,1103547,100000,tabix,94,0.086833,1177
22,scaling_window,1103547,100000,tabix,95,0.088237,1177
22,scaling_window,1103547,100000,tabix,96,0.085454,1177
22,scaling_window,1103547,100000,tabix,97,0.087499,1177
22,scaling_window,1103547,100000,tabix,98,0.086950,1177
22,scaling_window,1103547,100000,tabix,99,0.087453,1177
22,scaling_window,1103547,1000000,tabix,0,1.241428,17986
22,scaling_window,1103547,1000000,tabix,1,1.253058,17986
22,scaling_window,1103547,1000000,tabix,2,1.241022,17986
22,scaling_window,1103547,1000000,tabix,3,1.243348,17986
22,scaling_window,1103547,1000000,tabix,4,1.239652,17986
22,scaling_window,1103547,1000000,tabix,5,1.267462,17986
22,scaling_window,1103547,1000000,tabix,6,1.241292,17986
22,scaling_window,1103547,1000000,tabix,7,1.243215,17986
22,scaling_window,1103547,1000000,tabix,8,1.249341,17986
22,scaling_window,1103547,1000000,tabix,9,1.250931,17986
22,scaling_window,1103547,1000000,tabix,10,1.244088,17986
22,scaling_window,1103547,1000000,tabix,11,1.254665,17986
22,scaling_window,1103547,1000000,tabix,12,1.242434,17986
22,scaling_window,1103547,1000000,tabix,13,1.253056,17986
22,scaling_window,1103547,1000000,tabix,14,1.249469,17986
22,scaling_window,1103547,1000000,tabix,15,1.252757,17986
22,scaling_window,1103547,1000000,tabix,16,1.241701,17986
22,scaling_window,1103547,1000000,tabix,17,1.244554,17986
22,scaling_window,1103547,1000000,tabix,18,1.244735,17986
22,scaling_window,1103547,1000000,tabix,19,1.252739,17986
22,scaling_window,1103547,1000000,tabix,20,1.242535,17986
22,scaling_window,1103547,1000000,tabix,21,1.251111,17986
22,scaling_window,1103547,1000000,tabix,22,1.269409,17986
22,scaling_window,1103547,1000000,tabix,23,1.255144,17986
22,scaling_window,1103547,1000000,tabix,24,1.253333,17986
22,scaling_window,1103547,1000000,tabix,25,1.263354,17986
22,scaling_window,1103547,1000000,tabix,26,1.265564,17986
22,scaling_window,1103547,1000000,tabix,27,1.245162,17986
22,scaling_window,1103547,1000000,tabix,28,1.244513,17986
22,scaling_window,1103547,1000000,tabix,29,1.242566,17986
22,scaling_window,1103547,1000000,tabix,30,1.250777,17986
22,scaling_window,1103547,1000000,tabix,31,1.239261,17986
22,scaling_window,1103547,1000000,tabix,32,1.246055,17986
22,scaling_window,1103547,1000000,tabix,33,1.251226,17986
22,scaling_window,1103547,1000000,tabix,34,1.258639,17986
22,scaling_window,1103547,1000000,tabix,35,1.242638,17986
22,scaling_window,1103547,1000000,tabix,36,1.264392,17986
22,scaling_window,1103547,1000000,tabix,37,1.245117,17986
22,scaling_window,1103547,1000000,tabix,38,1.265369,17986
22,scaling_window,1103547,1000000,tabix,39,1.240261,17986
22,scaling_window,1103547,1000000,tabix,40,1.242398,17986
22,scaling_window,1103547,1000000,tabix,41,1.247389,17986
22,scaling_window,1103547,1000000,tabix,42,1.250571,17986
22,scaling_window,1103547,1000000,tabix,43,1.240542,17986
22,scaling_window,1103547,1000000,tabix,44,1.241506,17986
22,scaling_window,1103547,1000000,tabix,45,1.239833,17986
22,scaling_window,1103547,1000000,tabix,46,1.266201,17986
22,scaling_window,1103547,1000000,tabix,47,1.237350,17986
22,scaling_window,1103547,1000000,tabix,48,1.261330,17986
22,scaling_window,1103547,1000000,tabix,49,1.263521,17986
22,scaling_window,1103547,1000000,tabix,50,1.251095,17986
22,scaling_window,1103547,1000000,tabix,51,1.244495,17986
22,scaling_window,1103547,1000000,tabix,52,1.269111,17986
22,scaling_window,1103547,1000000,tabix,53,1.246803,17986
22,scaling_window,1103547,1000000,tabix,54,1.250552,17986
22,scaling_window,1103547,1000000,tabix,55,1.245743,17986
22,scaling_window,1103547,1000000,tabix,56,1.244345,17986
22,scaling_window,1103547,1000000,tabix,57,1.251638,17986
22,scaling_window,1103547,1000000,tabix,58,1.248702,17986
22,scaling_window,1103547,1000000,tabix,59,1.243642,17986
22,scaling_window,1103547,1000000,tabix,60,1.247453,17986
22,scaling_window,1103547,1000000,tabix,61,1.246173,17986
22,scaling_window,1103547,1000000,tabix,62,1.245833,17986
22,scaling_window,1103547,1000000,tabix,63,1.247436,17986
22,scaling_window,1103547,1000000,tabix,64,1.243440,17986
22,scaling_window,1103547,1000000,tabix,65,1.241117,17986
22,scaling_window,1103547,1000000,tabix,66,1.244890,17986
22,scaling_window,1103547,1000000,tabix,67,1.265396,17986
22,scaling_window,1103547,1000000,tabix,68,1.248719,17986
22,scaling_window,1103547,1000000,tabix,69,1.240393,17986
22,scaling_window,1103547,1000000,tabix,70,1.244250,17986
22,scaling_window,1103547,1000000,tabix,71,1.270360,17986
22,scaling_window,1103547,1000000,tabix,72,1.242780,17986
22,scaling_window,1103547,1000000,tabix,73,1.243212,17986
22,scaling_window,1103547,1000000,tabix,74,1.240479,17986
22,scaling_window,1103547,1000000,tabix,75,1.258496,17986
22,scaling_window,1103547,1000000,tabix,76,1.242878,17986
22,scaling_window,1103547,1000000,tabix,77,1.242989,17986
22,scaling_window,1103547,1000000,tabix,78,1.241767,17986
22,scaling_window,1103547,1000000,tabix,79,1.252793,17986
22,scaling_window,1103547,1000000,tabix,80,1.243193,17986
22,scaling_window,1103547,1000000,tabix,81,1.243403,17986
22,scaling_window,1103547,1000000,tabix,82,1.248100,17986
22,scaling_window,1103547,1000000,tabix,83,1.254277,17986
22,scaling_window,1103547,1000000,tabix,84,1.250146,17986
22,scaling_window,1103547,1000000,tabix,85,1.245585,17986
22,scaling_window,1103547,1000000,tabix,86,1.240512,17986
22,scaling_window,1103547,1000000,tabix,87,1.249300,17986
22,scaling_window,1103547,1000000,tabix,88,1.252280,17986
22,scaling_window,1103547,1000000,tabix,89,1.251708,17986
22,scaling_window,1103547,1000000,tabix,90,1.244313,17986
22,scaling_window,1103547,1000000,tabix,91,1.251617,17986
22,scaling_window,1103547,1000000,tabix,92,1.242530,17986
22,scaling_window,1103547,1000000,tabix,93,1.250806,17986
22,scaling_window,1103547,1000000,tabix,94,1.250320,17986
22,scaling_window,1103547,1000000,tabix,95,1.252328,17986
22,scaling_window,1103547,1000000,tabix,96,1.243829,17986
22,scaling_window,1103547,1000000,tabix,97,1.256270,17986
22,scaling_window,1103547,1000000,tabix,98,1.241951,17986
22,scaling_window,1103547,1000000,tabix,99,1.294302,17986
22,scaling_window,1103547,10000000,tabix,0,19.942501,288998
22,scaling_window,1103547,10000000,tabix,1,19.917554,288998
22,scaling_window,1103547,10000000,tabix,2,19.937597,288998
22,scaling_window,1103547,10000000,tabix,3,19.994821,288998
22,scaling_window,1103547,10000000,tabix,4,20.436431,288998
22,scaling_window,1103547,10000000,tabix,5,20.152121,288998
22,scaling_window,1103547,10000000,tabix,6,19.978031,288998
22,scaling_window,1103547,10000000,tabix,7,19.999661,288998
22,scaling_window,1103547,10000000,tabix,8,20.045008,288998
22,scaling_window,1103547,10000000,tabix,9,19.918516,288998
22,scaling_window,1103547,35195162,tabix,0,76.524904,1103547
22,scaling_window,1103547,35195162,tabix,1,76.166201,1103547
22,scaling_window,1103547,35195162,tabix,2,76.292642,1103547
22,scaling_window,1103547,-1,scan,0,62.548110,29
22,scaling_window,1103547,-1,scan,1,62.317474,29
22,scaling_window,1103547,-1,scan,2,62.322257,29
22,scaling_window,1103547,-1,scan,3,62.267892,29
22,scaling_window,1103547,-1,scan,4,62.243289,29
22,scaling_window,1103547,-1,scan,5,62.162926,29
22,scaling_window,1103547,-1,scan,6,62.175982,29
22,scaling_window,1103547,-1,scan,7,63.014448,29
22,scaling_window,1103547,-1,scan,8,65.992081,29
22,scaling_window,1103547,-1,scan,9,64.028050,29
